Type,SearchTerms
Mechanics,Invitations
Mechanics,Key_Pages
Mechanics,Combat_Pages
Mechanics,Librarians
Mechanics,Abnormality Pages
Mechanics,Battle Symbols
Mechanics,Stats
Mechanics,Reception
Mechanics,Guests
Mechanics,Manuel
Floors,Floor_of_General_Works
Floors,Floor_of_History
Floors,Floor_of_Technological_Sciences
Floors,Floor_of_Literature
Floors,Floor_of_Art
Floors,Floor_of_Natural_Sciences
Characters,Angela
Characters,Roland
Characters,Malkuth
Characters,Yesod
Characters,Hod
Characters,Netzach
Characters,Tiphereth
Characters,Gebura
Characters,Chesed
Characters,Hokma
Characters,Binah
Characters,Pete
Characters,Lenny
Characters,Finn
Characters,
Characters,
Characters,
Mechanics,E.G.O._Pages
Characters,
Characters,
Characters,
